City_ID,City,Country,Date,Lat,Lng,Max Temp,Humidity,Cloudiness,Wind Speed
0,Lompoc,US,2022-04-26 02:09:33,34.6391,-120.4579,68.77,79,0,15.99
1,Nanortalik,GL,2022-04-26 02:09:34,60.1432,-45.2371,32.5,97,94,5.28
2,Albany,US,2022-04-26 02:09:34,42.6001,-73.9662,56.55,43,95,1.99
3,Punta Arenas,CL,2022-04-26 02:06:06,-53.15,-70.9167,33.91,75,20,6.91
4,Hilo,US,2022-04-26 02:08:07,19.7297,-155.09,79.29,79,100,5.75
5,Cabo San Lucas,MX,2022-04-26 02:07:33,22.8909,-109.9124,79.11,44,0,5.75
6,Mataura,NZ,2022-04-26 02:09:35,-46.1927,168.8643,52.48,72,67,9.17
7,Verkhniye Sergi,RU,2022-04-26 02:09:35,56.6469,59.5556,44.15,98,100,3.91
8,Faya,SA,2022-04-26 02:09:36,18.3851,42.4509,54.12,56,0,2.75
9,Sitka,US,2022-04-26 02:09:14,57.0531,-135.33,48.09,71,75,6.91
10,Luderitz,NA,2022-04-26 02:09:27,-26.6481,15.1594,59.63,51,0,10.56
11,Avera,US,2022-04-26 02:09:36,33.194,-82.5271,69.31,78,0,4.41
12,Hofn,IS,2022-04-26 02:09:37,64.2539,-15.2082,39.27,96,100,6.44
13,Vaini,TO,2022-04-26 02:09:37,-21.2,-175.2,71.76,88,100,12.66
14,Barrow,US,2022-04-26 02:09:37,71.2906,-156.7887,15.82,73,40,12.66
15,Vila Velha,BR,2022-04-26 02:05:04,-20.3297,-40.2925,75.94,83,0,1.14
16,Esperance,AU,2022-04-26 02:09:38,-33.8667,121.9,70.75,59,56,16.42
17,Hermanus,ZA,2022-04-26 02:09:38,-34.4187,19.2345,55.31,76,1,5.84
18,Tiksi,RU,2022-04-26 02:09:39,71.6872,128.8694,6.89,89,63,1.79
19,Saint George,US,2022-04-26 02:08:59,37.1041,-113.5841,76.24,10,0,4.61
20,Ribeira Grande,PT,2022-04-26 02:09:39,38.5167,-28.7,58.89,70,71,6.93
21,Rafsanjan,IR,2022-04-26 02:09:40,30.4067,55.9939,71.19,26,99,4.52
22,Bluff,NZ,2022-04-26 02:09:40,-46.6,168.3333,52.81,82,100,24.74
23,Samana,DO,2022-04-26 02:09:40,19.2056,-69.3369,73.17,79,12,6.76
24,Kaeo,NZ,2022-04-26 02:09:41,-35.1,173.7833,70.32,67,10,5.28
25,Paamiut,GL,2022-04-26 02:09:41,61.994,-49.6678,28.96,89,100,2.35
26,Ushuaia,AR,2022-04-26 02:04:44,-54.8,-68.3,37.99,99,100,2.08
27,Souillac,MU,2022-04-26 02:08:03,-20.5167,57.5167,75.58,83,75,11.5
28,Harper,LR,2022-04-26 02:09:42,4.375,-7.7169,78.94,84,84,4.16
29,Kodiak,US,2022-04-26 02:09:42,57.79,-152.4072,45.91,66,75,6.91
30,Clyde River,CA,2022-04-26 02:09:42,70.4692,-68.5914,8.83,92,100,19.57
31,Ostrovnoy,RU,2022-04-26 02:09:43,68.0531,39.5131,31.42,97,100,4.54
32,Canatlan,MX,2022-04-26 02:09:43,24.5167,-104.7833,70.65,18,46,9.78
33,Avarua,CK,2022-04-26 02:09:44,-21.2078,-159.775,82.45,78,75,5.75
34,Bonavista,CA,2022-04-26 02:09:44,48.6499,-53.1147,35.62,93,100,13.06
35,Kapaa,US,2022-04-26 02:09:45,22.0752,-159.319,80.58,89,40,17.27
36,Plouzane,FR,2022-04-26 02:09:45,48.3833,-4.6167,46.45,90,0,9.22
37,Wildeshausen,DE,2022-04-26 02:09:45,52.9,8.4333,44.11,88,100,4.27
38,Qabaqcol,AZ,2022-04-26 02:09:46,41.72,46.2647,57.24,67,0,1.03
39,Kahului,US,2022-04-26 02:06:16,20.8947,-156.47,80.62,69,40,25.32
40,Bethel,US,2022-04-26 02:09:46,41.3712,-73.414,53.69,46,100,5.75
41,Erzin,TR,2022-04-26 02:09:47,36.9559,36.2,63.66,41,0,2.19
42,San Patricio,US,2022-04-26 02:09:47,28.017,-97.5169,78.66,89,100,10.89
43,Castro,BR,2022-04-26 02:09:47,-24.7911,-50.0119,59.05,88,6,2.98
44,Bodri,IN,2022-04-26 02:09:48,23.1667,81.4333,91.67,11,0,2.55
45,Rikitea,PF,2022-04-26 02:07:58,-23.1203,-134.9692,75.94,74,96,19.35
46,Cherskiy,RU,2022-04-26 02:09:49,68.75,161.3,30.29,72,100,4.47
47,Andenes,NO,2022-04-26 02:10:49,69.3143,16.1194,26.58,86,100,26.46
48,Kant,IN,2022-04-26 02:10:49,27.8,79.8,90.09,16,8,7.49
49,Shimanovsk,RU,2022-04-26 02:10:50,52.0,127.7,44.02,34,100,14.85
50,Norman Wells,CA,2022-04-26 02:10:50,65.282,-126.8329,36.77,93,100,5.99
51,Broome,US,2022-04-26 02:10:50,42.2506,-75.833,58.37,70,0,12.66
52,Merauke,ID,2022-04-26 02:10:51,-8.4667,140.3333,86.25,64,12,1.72
53,Carnarvon,AU,2022-04-26 02:10:51,-24.8667,113.6333,75.27,78,40,9.22
54,Codrington,AU,2022-04-26 02:10:52,-38.2667,141.9667,71.73,42,100,11.61
55,Arraial Do Cabo,BR,2022-04-26 02:10:52,-22.9661,-42.0278,74.84,82,0,14.36
56,Mount Isa,AU,2022-04-26 02:10:45,-20.7333,139.5,74.97,88,100,8.05
57,Ancud,CL,2022-04-26 02:10:53,-41.8697,-73.8203,49.23,81,100,23.6
58,Hobart,AU,2022-04-26 02:10:53,-42.8794,147.3294,62.22,71,40,4.61
59,Belmonte,BR,2022-04-26 02:10:53,-15.8631,-38.8828,76.42,85,10,7.63
60,Xam Nua,LA,2022-04-26 02:10:54,20.4197,104.0439,85.3,40,1,5.57
61,Busselton,AU,2022-04-26 02:08:06,-33.65,115.3333,66.74,51,72,15.19
62,Puerto Ayacucho,VE,2022-04-26 02:10:54,5.6639,-67.6236,75.09,93,98,4.88
63,Sao Jose Da Coroa Grande,BR,2022-04-26 02:09:26,-8.8978,-35.1478,77.74,83,100,9.06
64,Silvan,TR,2022-04-26 02:10:55,38.1419,41.0081,55.69,81,98,3.53
65,Port Alfred,ZA,2022-04-26 02:09:08,-33.5906,26.891,57.38,81,5,11.63
66,Lata,PT,2022-04-26 02:10:56,40.1629,-8.3327,51.08,82,96,2.46
67,Grajau,BR,2022-04-26 02:10:56,-5.8194,-46.1386,72.81,91,0,2.04
68,Kruisfontein,ZA,2022-04-26 02:10:56,-34.0033,24.7314,48.88,84,0,7.25
69,Saint-Joseph,RE,2022-04-26 02:10:19,-21.3667,55.6167,70.18,74,27,11.99
70,Quatre Cocos,MU,2022-04-26 02:10:57,-20.2078,57.7625,75.31,74,44,16.17
71,Qaanaaq,GL,2022-04-26 02:10:58,77.484,-69.3632,6.21,62,21,7.49
72,Mount Gambier,AU,2022-04-26 02:10:58,-37.8333,140.7667,71.06,40,100,9.33
73,Butaritari,KI,2022-04-26 02:10:58,3.0707,172.7902,80.49,83,26,12.55
74,Bambous Virieux,MU,2022-04-26 02:10:59,-20.3428,57.7575,75.45,83,75,11.5
75,Najran,SA,2022-04-26 02:10:59,17.4924,44.1277,64.35,71,0,3.89
76,Santa Marinella,IT,2022-04-26 02:10:59,42.0345,11.8536,55.47,97,19,8.14
77,Hatta,IN,2022-04-26 02:11:00,24.1167,79.6,91.22,12,1,4.27
78,New Norfolk,AU,2022-04-26 02:09:31,-42.7826,147.0587,61.88,57,5,1.9
79,Faanui,PF,2022-04-26 02:11:00,-16.4833,-151.75,81.9,70,15,10.27
80,Fortuna,US,2022-04-26 02:09:28,40.5982,-124.1573,56.08,80,100,4.0
81,Saskylakh,RU,2022-04-26 02:11:01,71.9167,114.0833,11.88,92,72,1.86
82,Yelovo,RU,2022-04-26 02:11:01,57.0538,54.9207,47.84,92,88,7.31
83,Nsanje,MW,2022-04-26 02:11:02,-16.92,35.262,69.46,98,14,1.45
84,Upernavik,GL,2022-04-26 02:11:02,72.7868,-56.1549,10.42,90,53,4.59
85,Santa Marta,CO,2022-04-26 02:08:24,11.2408,-74.199,80.89,76,100,18.01
86,Auki,SB,2022-04-26 02:11:03,-8.7676,160.7034,84.15,73,53,2.95
87,Mar Del Plata,AR,2022-04-26 02:11:03,-38.0023,-57.5575,60.87,76,6,10.0
88,Kungurtug,RU,2022-04-26 02:11:03,50.5994,97.5228,27.09,48,100,1.52
89,Bud,US,2022-04-26 02:06:41,39.447,-86.1758,54.46,75,99,10.63
90,Narsaq,GL,2022-04-26 02:12:04,60.9167,-46.05,37.62,90,98,1.52
91,Lyngseidet,NO,2022-04-26 02:12:04,69.5763,20.2189,26.6,91,100,12.19
92,Atuona,PF,2022-04-26 02:12:05,-9.8,-139.0333,78.8,78,24,16.51
93,Canaries,ES,2022-04-26 02:12:05,28.0,-15.5,58.96,63,20,14.97
94,Shingu,JP,2022-04-26 02:12:06,33.7333,135.9833,70.65,96,100,6.96
95,Jamestown,US,2022-04-26 02:08:41,42.097,-79.2353,58.01,78,100,9.22
96,Ahipara,NZ,2022-04-26 02:12:06,-35.1667,173.1667,68.54,62,40,8.9
97,Santa Cecilia,BR,2022-04-26 02:12:06,-26.9608,-50.4269,56.79,94,2,2.39
98,Hasaki,JP,2022-04-26 02:12:07,35.7333,140.8333,73.29,86,100,15.75
99,Ketchikan,US,2022-04-26 02:12:07,55.3422,-131.6461,48.67,66,40,14.97
100,Zerbst,DE,2022-04-26 02:12:08,51.9667,12.0833,41.86,87,15,3.42
101,Beboto,TD,2022-04-26 02:12:08,8.2668,16.939,80.19,58,100,5.7
102,Havre-Saint-Pierre,CA,2022-04-26 02:12:09,50.2334,-63.5986,34.16,93,100,9.22
103,Sisimiut,GL,2022-04-26 02:07:59,66.9395,-53.6735,28.9,83,100,8.59
104,Poum,NC,2022-04-26 02:12:09,-20.2333,164.0167,77.47,62,99,11.7
105,Vao,NC,2022-04-26 02:12:09,-22.6667,167.4833,74.86,57,100,18.52
106,Bolobo,CD,2022-04-26 02:12:10,-2.1667,16.2333,74.91,85,100,2.21
107,Gamboma,CG,2022-04-26 02:12:10,-1.8764,15.8644,76.15,80,100,3.22
108,Yulara,AU,2022-04-26 02:12:11,-25.2406,130.9889,76.84,44,56,6.91
109,Olafsvik,IS,2022-04-26 02:12:11,64.8945,-23.7142,42.01,83,88,4.25
110,Airai,TL,2022-04-26 02:12:11,-8.9266,125.4092,73.62,41,98,1.99
111,Puerto Ayora,EC,2022-04-26 02:12:12,-0.7393,-90.3518,71.35,92,91,6.06
112,Pevek,RU,2022-04-26 02:12:12,69.7008,170.3133,29.82,70,100,4.14
113,Cascas,PE,2022-04-26 02:12:12,-7.4833,-78.8167,68.65,78,89,4.32
114,Griffith,US,2022-04-26 02:12:13,41.5284,-87.4237,44.06,63,100,14.97
115,Port Blair,IN,2022-04-26 02:12:13,11.6667,92.75,85.44,67,100,3.53
116,Nago,JP,2022-04-26 02:12:14,26.5881,127.9761,82.83,77,27,16.93
117,Aklavik,CA,2022-04-26 02:12:14,68.2191,-135.0107,32.95,100,100,6.49
118,Khurai,IN,2022-04-26 02:12:14,24.0436,78.3319,87.62,15,0,8.08
119,Nikolskoye,RU,2022-04-26 02:12:15,59.7035,30.7861,41.72,98,100,4.47
120,Lishan,CN,2022-04-26 02:12:15,31.8576,113.2951,76.6,59,17,4.41
121,Saint Anthony,US,2022-04-26 02:12:16,45.0205,-93.218,33.73,66,100,16.11
122,Cayenne,GF,2022-04-26 02:12:16,4.9333,-52.3333,78.1,1,75,0.0
123,Pokosnoye,RU,2022-04-26 02:12:17,55.5258,101.0536,35.1,60,100,6.89
124,Vestmannaeyjar,IS,2022-04-26 02:11:15,63.4427,-20.2734,44.98,85,92,9.37
125,Katsuura,JP,2022-04-26 02:12:17,35.1333,140.3,69.82,85,100,15.9
126,Madikeri,IN,2022-04-26 02:12:17,12.4167,75.7333,68.76,91,78,1.83
127,Adre,TD,2022-04-26 02:12:18,13.4667,22.2,78.58,41,100,3.18
128,Tuatapere,NZ,2022-04-26 02:08:07,-46.1333,167.6833,56.01,66,47,9.08
129,Russell,US,2022-04-26 02:08:57,32.3502,-85.1999,74.8,94,100,0.0
130,Benjamin Aceval,PY,2022-04-26 02:12:19,-24.9667,-57.5667,84.34,60,8,7.99
131,Honiara,SB,2022-04-26 02:10:32,-9.4333,159.95,86.49,67,42,4.94
132,Bredasdorp,ZA,2022-04-26 02:12:19,-34.5322,20.0403,52.29,83,4,3.33
133,Oranjestad,AW,2022-04-26 02:11:01,12.524,-70.027,79.65,83,100,19.42
134,Tuktoyaktuk,CA,2022-04-26 02:11:31,69.4541,-133.0374,31.69,94,94,6.53
135,Port Elizabeth,ZA,2022-04-26 02:11:21,-33.918,25.5701,57.31,82,0,7.0
136,San Matias,BO,2022-04-26 02:12:20,-16.3667,-58.4,80.53,64,57,4.92
137,Dunedin,NZ,2022-04-26 02:10:05,-45.8742,170.5036,58.8,50,60,21.99
138,Camopi,GF,2022-04-26 02:13:21,3.1655,-52.3158,72.46,99,100,1.95
139,Caravelas,BR,2022-04-26 02:12:54,-17.7125,-39.2481,75.54,83,0,4.03
140,Hamilton,US,2022-04-26 02:08:54,39.1834,-84.5333,60.24,77,100,6.91
141,Isehara,JP,2022-04-26 02:13:21,35.3906,139.3078,72.68,88,100,8.05
142,Seminole,US,2022-04-26 02:10:04,28.7086,-81.2081,74.5,83,0,6.91
143,Yellowknife,CA,2022-04-26 02:08:33,62.456,-114.3525,38.16,90,100,10.65
144,Mnogovershinnyy,RU,2022-04-26 02:13:22,53.9353,139.9242,31.08,83,14,2.01
145,Port-Gentil,GA,2022-04-26 02:13:22,-0.7193,8.7815,80.69,83,98,7.94
146,Saldanha,ZA,2022-04-26 02:12:18,-33.0117,17.9442,55.51,77,99,10.36
147,Hithadhoo,MV,2022-04-26 02:11:29,-0.6,73.0833,84.4,72,100,6.2
148,Namatanai,PG,2022-04-26 02:13:23,-3.6667,152.4333,85.32,64,91,6.46
149,Reserva,BR,2022-04-26 02:13:23,-24.6503,-50.8506,59.14,95,50,1.86
150,Kaitangata,NZ,2022-04-26 02:13:14,-46.2817,169.8464,56.05,66,94,15.21
151,Karlstad,SE,2022-04-26 02:13:24,59.3793,13.5036,43.36,61,75,12.66
152,Sao Filipe,CV,2022-04-26 02:09:39,14.8961,-24.4956,74.7,69,83,11.79
153,Qiongshan,CN,2022-04-26 02:13:25,20.0058,110.3542,87.62,58,6,13.27
154,Saint-Philippe,RE,2022-04-26 02:09:58,-21.3585,55.7679,71.19,75,36,10.92
155,Dikson,RU,2022-04-26 02:13:25,73.5069,80.5464,11.62,93,100,4.0
156,San Carlos De Bariloche,AR,2022-04-26 02:08:50,-41.1456,-71.3082,38.1,97,94,7.56
157,Thompson,CA,2022-04-26 02:13:26,55.7435,-97.8558,17.31,90,100,2.8
158,Whitianga,NZ,2022-04-26 02:11:45,-36.8333,175.7,64.8,67,7,3.6
159,Khatanga,RU,2022-04-26 02:13:26,71.9667,102.5,10.47,90,100,6.85
160,Victoria,HK,2022-04-26 02:11:45,22.2855,114.1577,84.96,84,1,7.0
161,La Rioja,ES,2022-04-26 02:13:27,42.25,-2.5,38.98,75,100,6.8
162,Alta Floresta,BR,2022-04-26 02:13:27,-9.8756,-56.0861,73.51,86,36,3.31
163,Zhigansk,RU,2022-04-26 02:11:30,66.7697,123.3711,19.92,84,83,3.83
164,Great Falls,US,2022-04-26 02:12:02,47.5002,-111.3008,59.68,28,0,5.75
165,Effingham,US,2022-04-26 02:13:28,32.3669,-81.3332,73.85,80,18,6.08
166,Dustlik,UZ,2022-04-26 02:13:28,40.5247,68.0358,62.28,42,100,3.53
167,Stromness,GB,2022-04-26 02:13:29,58.965,-3.296,42.76,89,100,8.99
168,Cape Town,ZA,2022-04-26 02:12:39,-33.9258,18.4232,60.91,72,71,14.0
169,Aviles,ES,2022-04-26 02:13:29,43.5547,-5.9248,54.77,86,0,1.14
170,Lagoa,PT,2022-04-26 02:13:30,39.05,-27.9833,58.03,71,95,11.56
171,Launceston,AU,2022-04-26 02:12:42,-41.45,147.1667,64.8,67,100,2.3
172,Algiers,DZ,2022-04-26 02:13:30,36.7525,3.042,51.62,94,40,3.44
173,Senanga,ZM,2022-04-26 02:13:30,-16.1167,23.2667,69.75,64,100,5.57
174,Longyearbyen,SJ,2022-04-26 02:13:31,78.2186,15.6401,-13.67,94,50,2.75
175,Verkhnetulomskiy,RU,2022-04-26 02:13:31,68.6073,31.7962,26.73,85,100,9.82
176,Grindavik,IS,2022-04-26 02:13:32,63.8424,-22.4338,43.27,87,100,3.44
177,Valle De Allende,MX,2022-04-26 02:13:32,26.9333,-105.4,72.34,32,0,18.75
178,Constitucion,CL,2022-04-26 02:13:32,-35.3333,-72.4167,55.65,85,100,13.31
179,Teguise,ES,2022-04-26 02:09:44,29.0605,-13.564,62.82,82,75,2.3
180,Qui Nhon,VN,2022-04-26 02:13:33,13.7667,109.2333,84.45,71,18,6.26
181,La Sarre,CA,2022-04-26 02:13:33,48.8002,-79.1996,43.0,87,100,6.64
182,Rongai,KE,2022-04-26 02:09:17,-0.1733,35.8638,59.9,91,96,1.66
183,Chengde,CN,2022-04-26 02:13:34,40.9725,117.9361,58.21,18,0,22.03
184,Aswan,EG,2022-04-26 02:13:34,24.0934,32.907,77.72,25,14,8.34
185,Isangel,VU,2022-04-26 02:14:35,-19.55,169.2667,79.23,62,100,17.34
186,Asau,RO,2022-04-26 02:14:35,46.4333,26.4,49.95,89,4,5.99
187,Bathsheba,BB,2022-04-26 02:14:36,13.2167,-59.5167,77.61,94,75,13.8
188,Lulea,SE,2022-04-26 02:12:55,65.5842,22.1547,32.07,74,25,14.97
189,Sechura,PE,2022-04-26 02:13:47,-5.5569,-80.8222,69.8,77,60,15.46
190,North Bend,US,2022-04-26 02:14:02,43.4065,-124.2243,55.24,88,100,5.75
191,Chuy,UY,2022-04-26 02:14:37,-33.6971,-53.4616,64.98,99,68,1.57
192,Kalmunai,LK,2022-04-26 02:14:37,7.4167,81.8167,81.81,77,66,2.71
193,Ambon,ID,2022-04-26 02:12:17,-3.6954,128.1814,95.14,59,40,4.61
194,Loding,NO,2022-04-26 02:14:37,67.3,14.75,31.91,68,75,16.11
195,Half Moon Bay,US,2022-04-26 02:12:30,37.4636,-122.4286,67.41,75,75,27.63
196,Pitimbu,BR,2022-04-26 02:14:38,-7.4706,-34.8086,73.99,77,7,9.84
197,Piraju,BR,2022-04-26 02:14:39,-23.1936,-49.3839,66.79,82,0,3.96
198,Khilok,RU,2022-04-26 02:14:39,51.3674,110.4676,33.49,49,4,9.24
199,Chokurdakh,RU,2022-04-26 02:14:07,70.6333,147.9167,13.75,87,21,3.27
200,Ballina,AU,2022-04-26 02:09:51,-28.8667,153.5667,71.78,81,100,5.7
201,Kirakira,SB,2022-04-26 02:13:40,-10.4544,161.9205,84.87,72,86,5.7
202,Zabol,AF,2022-04-26 02:14:40,32.25,67.25,62.38,20,6,4.52
203,Tezu,IN,2022-04-26 02:13:00,27.9167,96.1667,78.4,48,48,1.28
204,San Benito,US,2022-04-26 02:13:50,36.6166,-121.0844,66.4,22,95,6.78
205,Itarema,BR,2022-04-26 02:11:54,-2.9248,-39.9167,77.49,87,85,8.9
206,Mayo,US,2022-04-26 02:13:18,38.8876,-76.5119,61.21,86,100,6.91
207,Nome,US,2022-04-26 02:14:41,64.5011,-165.4064,37.17,80,100,6.91
208,Dire,ML,2022-04-26 02:14:41,12.2833,-10.9667,84.63,19,100,1.86
209,San Antonio,US,2022-04-26 02:13:33,29.4241,-98.4936,65.89,86,100,14.97
210,Vila Franca Do Campo,PT,2022-04-26 02:14:42,37.7167,-25.4333,59.2,85,83,5.77
211,Mareeba,AU,2022-04-26 02:14:03,-17.0,145.4333,85.44,75,39,2.37
212,Hirara,JP,2022-04-26 02:14:42,24.8,125.2833,78.84,89,0,19.82
213,Shelburne,CA,2022-04-26 02:14:43,44.0787,-80.2041,48.9,97,100,10.74
214,Labuan,MY,2022-04-26 02:14:43,5.2767,115.2417,81.61,74,70,5.66
215,Tromso,NO,2022-04-26 02:14:44,69.6496,18.957,25.38,80,75,14.97
216,Hangzhou,CN,2022-04-26 02:10:48,30.2937,120.1614,76.89,85,100,5.53
217,Shubarkuduk,KZ,2022-04-26 02:14:44,49.1447,56.4872,47.98,55,54,5.61
218,Tariba,VE,2022-04-26 02:14:44,7.8188,-72.2243,70.36,91,100,0.69
219,Lebu,CL,2022-04-26 02:12:33,-37.6167,-73.65,55.67,80,100,27.94
220,Svetlyy,RU,2022-04-26 02:14:45,54.675,20.1347,42.85,90,80,7.43
221,Fairbanks,US,2022-04-26 02:14:45,64.8378,-147.7164,52.14,36,0,4.61
222,Lao Cai,VN,2022-04-26 02:14:46,22.4833,103.95,87.51,56,14,1.7
223,Iqaluit,CA,2022-04-26 02:14:46,63.7506,-68.5145,-13.45,84,0,9.89
224,Dakar,SN,2022-04-26 02:14:46,14.6937,-17.4441,72.48,80,4,22.97
225,Maridi,SS,2022-04-26 02:14:47,4.9158,29.4742,67.12,87,100,1.83
226,Torbay,CA,2022-04-26 02:14:47,47.6666,-52.7314,37.89,96,100,14.0
227,Raychikhinsk,RU,2022-04-26 02:14:48,49.7838,129.4121,34.48,98,100,16.28
228,Fort Nelson,CA,2022-04-26 02:13:19,58.8053,-122.7002,35.22,100,100,3.38
229,Ekibastuz,KZ,2022-04-26 02:14:48,51.6667,75.3667,46.15,40,100,12.86
230,Stepnyak,KZ,2022-04-26 02:14:48,52.8339,70.7803,47.16,41,99,11.74
231,Broken Hill,AU,2022-04-26 02:14:32,-31.95,141.4333,58.48,96,100,16.62
232,Lokomotivnyy,RU,2022-04-26 02:14:49,53.0118,60.5684,50.4,71,95,8.25
233,Yar-Sale,RU,2022-04-26 02:14:49,66.8333,70.8333,21.4,98,89,3.51
234,Hervey Bay,AU,2022-04-26 02:15:45,-25.2986,152.8535,70.02,88,100,8.99
235,Hualmay,PE,2022-04-26 02:15:50,-11.0964,-77.6139,66.76,87,88,8.28
236,Namibe,AO,2022-04-26 02:15:50,-15.1961,12.1522,72.54,69,100,5.68
237,Estelle,US,2022-04-26 02:15:51,29.8458,-90.1067,73.4,80,75,5.75
238,Ilulissat,GL,2022-04-26 02:15:52,69.2167,-51.1,19.42,93,100,0.0
239,Chokwe,MZ,2022-04-26 02:15:52,-24.5333,32.9833,66.61,94,100,12.01
240,Zaros,GR,2022-04-26 02:15:52,35.1316,24.9046,61.43,43,100,1.54
241,Petropavlovsk-Kamchatskiy,RU,2022-04-26 02:15:53,53.0452,158.6483,45.19,46,75,11.18
242,Strelka,RU,2022-04-26 02:15:53,58.0728,93.0344,38.5,77,100,11.88
243,Ponta Do Sol,PT,2022-04-26 02:15:53,32.6667,-17.1,60.71,75,23,9.62
244,Parkersburg,US,2022-04-26 02:12:11,39.2667,-81.5615,68.36,86,100,11.5
245,Severo-Kurilsk,RU,2022-04-26 02:12:34,50.6789,156.125,33.57,97,94,27.89
246,Kiskunhalas,HU,2022-04-26 02:15:55,46.434,19.4848,49.62,90,27,4.68
247,Buala,SB,2022-04-26 02:15:56,-8.145,159.5921,85.23,71,60,3.56
248,Tautira,PF,2022-04-26 02:15:56,-17.7333,-149.15,81.27,73,10,10.22
249,Tasiilaq,GL,2022-04-26 02:11:45,65.6145,-37.6368,28.56,97,100,6.04
250,Haines Junction,CA,2022-04-26 02:15:57,60.7522,-137.5108,46.35,61,100,1.14
251,Kang,BW,2022-04-26 02:15:57,-23.6752,22.7876,56.41,28,2,8.32
252,Chicama,PE,2022-04-26 02:15:57,-7.8447,-79.1469,61.34,77,94,7.34
253,Sakakah,SA,2022-04-26 02:15:58,29.9697,40.2064,69.37,56,98,3.83
254,Rawson,AR,2022-04-26 02:15:58,-43.3002,-65.1023,57.38,36,90,31.43
255,Praia Da Vitoria,PT,2022-04-26 02:15:59,38.7333,-27.0667,56.75,82,20,6.26
256,Amapa,BR,2022-04-26 02:13:19,1.0,-52.0,72.18,99,100,1.45
257,Sao Gabriel Da Cachoeira,BR,2022-04-26 02:11:51,-0.1303,-67.0892,73.04,98,100,0.74
258,Khvoynaya,RU,2022-04-26 02:16:00,58.9,34.5333,39.09,96,97,5.23
259,Socorro,US,2022-04-26 02:16:01,31.6546,-106.3033,73.26,23,0,11.5
260,Uige,AO,2022-04-26 02:15:08,-7.6087,15.0613,67.41,96,95,2.93
261,Rio Gallegos,AR,2022-04-26 02:16:01,-51.6226,-69.2181,33.85,93,0,9.22
262,Rumilly,FR,2022-04-26 02:16:02,45.8667,5.95,49.62,93,100,3.44
263,Lanzhou,CN,2022-04-26 02:16:02,36.0564,103.7922,68.85,23,45,1.3
264,Vizinga,RU,2022-04-26 02:16:02,61.0749,50.1031,42.13,98,100,7.27
265,Noyabrsk,RU,2022-04-26 02:16:03,63.1994,75.4507,22.8,87,43,4.9
266,Lahaina,US,2022-04-26 02:16:03,20.8783,-156.6825,80.6,85,33,11.74
267,Port Hawkesbury,CA,2022-04-26 02:16:04,45.6169,-61.3485,42.87,96,0,3.44
268,Tahe,CN,2022-04-26 02:16:04,52.3333,124.7333,42.69,25,100,13.35
269,Hauterive,FR,2022-04-26 02:16:05,46.0901,3.4459,50.76,94,88,1.95
270,Navalmoral De La Mata,ES,2022-04-26 02:16:06,39.8916,-5.5406,57.96,70,24,0.94
271,Berlevag,NO,2022-04-26 02:13:03,70.8578,29.0864,21.0,76,99,30.36
272,Karratha,AU,2022-04-26 02:16:06,-20.7377,116.8463,83.41,38,97,8.66
273,Gazanjyk,TM,2022-04-26 02:16:06,39.2446,55.5154,69.17,27,100,13.38
274,Champagnole,FR,2022-04-26 02:16:07,46.7445,5.9135,47.55,93,99,4.43
275,Georgetown,MY,2022-04-26 02:14:49,5.4112,100.3354,85.95,79,20,0.0
276,Olovyannaya,RU,2022-04-26 02:16:07,50.95,115.5667,40.64,32,100,18.92
277,Zhongshu,CN,2022-04-26 02:16:08,24.5167,103.7667,74.43,29,0,8.37
278,Puerto Colombia,CO,2022-04-26 02:16:08,10.9878,-74.9547,80.69,80,100,13.33
279,Rocha,UY,2022-04-26 02:16:09,-34.4833,-54.3333,63.63,98,100,4.09
280,Ambilobe,MG,2022-04-26 02:16:09,-13.2,49.05,70.21,85,11,4.27
281,Hambantota,LK,2022-04-26 02:17:10,6.1241,81.1185,81.0,82,17,4.09
282,Kota Bahru,MY,2022-04-26 02:16:17,6.1333,102.2386,85.95,74,20,4.61
283,Landerneau,FR,2022-04-26 02:17:11,48.4525,-4.2525,47.16,90,0,9.22
284,Alofi,NU,2022-04-26 02:17:12,-19.0595,-169.9187,76.89,94,100,6.91
285,Vardo,NO,2022-04-26 02:17:12,70.3705,31.1107,25.34,68,60,31.74
286,Svetlogorsk,BY,2022-04-26 02:17:13,52.6333,29.7333,47.07,96,100,6.78
287,East London,ZA,2022-04-26 02:17:13,-33.0153,27.9116,59.07,74,1,10.54
288,Sept-Iles,CA,2022-04-26 02:17:14,50.2001,-66.3821,38.05,88,100,13.8
289,Normandin,CA,2022-04-26 02:17:15,48.8333,-72.5321,37.71,93,100,11.5
290,Takapau,NZ,2022-04-26 02:17:16,-40.0333,176.35,64.72,55,8,3.91
291,Great Bend,US,2022-04-26 02:17:16,38.3645,-98.7648,57.33,28,0,3.44
292,Towada,JP,2022-04-26 02:17:17,40.6127,141.2067,64.08,45,100,6.46
293,Abu Samrah,SY,2022-04-26 02:17:17,35.3029,37.1841,64.74,45,8,3.22
294,Cidreira,BR,2022-04-26 02:17:18,-30.1811,-50.2056,67.8,94,100,16.06
295,Soe,ID,2022-04-26 02:17:18,-9.8607,124.284,79.77,40,100,2.82
296,Leczyca,PL,2022-04-26 02:17:19,52.0596,19.1997,44.08,94,100,5.03
297,Polyarnyy,RU,2022-04-26 02:17:21,69.1989,33.4478,29.37,82,100,26.06
298,Wanning,CN,2022-04-26 02:13:40,18.8003,110.3967,85.15,70,4,13.71
299,Ulladulla,AU,2022-04-26 02:17:21,-35.35,150.4667,67.1,68,98,4.56
300,Kamenka,RU,2022-04-26 02:17:22,51.3223,42.7678,52.57,81,89,8.9
301,Emerald,AU,2022-04-26 02:17:22,-23.5333,148.1667,66.34,100,100,12.66
302,Alice Springs,AU,2022-04-26 02:17:23,-23.7,133.8833,72.95,53,60,6.91
303,Los Llanos De Aridane,ES,2022-04-26 02:13:30,28.6585,-17.9182,60.55,84,0,8.05
304,San Isidro,PE,2022-04-26 02:17:24,-12.1167,-77.05,70.02,77,0,4.61
305,Barstow,US,2022-04-26 02:17:24,34.8986,-117.0228,79.79,8,38,1.3
306,Laguna,US,2022-04-26 02:17:25,38.421,-121.4238,77.14,43,0,11.5
307,Bengkulu,ID,2022-04-26 02:17:26,-3.8004,102.2655,80.01,74,100,3.83
308,Darhan,MN,2022-04-26 02:17:26,49.4867,105.9228,34.7,27,0,8.3
309,Chernyshevskiy,RU,2022-04-26 02:17:27,63.0128,112.4714,27.54,77,93,1.39
310,Palmer,US,2022-04-26 02:17:27,42.1584,-72.3287,57.81,28,100,12.66
311,Coquimbo,CL,2022-04-26 02:14:58,-29.9533,-71.3436,56.93,94,100,1.14
312,Jibuti,DJ,2022-04-26 02:17:28,11.5,42.5,75.81,81,32,8.08
313,Porec,HR,2022-04-26 02:17:28,45.2258,13.5939,57.36,86,99,10.0
314,Le Port,RE,2022-04-26 02:17:29,-20.9373,55.2919,73.4,68,35,5.39
315,San Andres,CO,2022-04-26 02:17:29,12.5847,-81.7006,82.42,83,40,9.22
316,Lieksa,FI,2022-04-26 02:17:30,63.3167,30.0167,32.41,94,100,3.65
317,Mafinga,TZ,2022-04-26 02:17:30,-7.25,35.0667,63.95,93,97,2.62
318,Talnakh,RU,2022-04-26 02:17:31,69.4865,88.3972,6.21,94,100,7.61
319,Lovozero,RU,2022-04-26 02:17:31,68.005,35.0117,28.62,97,100,9.51
320,Stranda,NO,2022-04-26 02:17:31,62.3096,6.9358,40.35,84,92,4.27
321,Ouadda,CF,2022-04-26 02:17:32,8.0777,22.4007,70.03,88,100,3.98
322,Qaqortoq,GL,2022-04-26 02:16:59,60.7167,-46.0333,33.51,95,100,4.16
323,Geraldton,AU,2022-04-26 02:17:33,-28.7667,114.6,72.01,56,100,9.22
324,Alim,PH,2022-04-26 02:17:33,9.5649,122.4876,87.85,65,100,5.48
325,Amga,RU,2022-04-26 02:17:33,60.8953,131.9608,33.17,55,98,5.57
326,Mgandu,TZ,2022-04-26 02:18:34,-5.95,34.1333,59.43,99,44,4.97
327,Reyes,BO,2022-04-26 02:18:34,-14.3167,-67.3833,75.15,91,27,1.99
328,Luis Correia,BR,2022-04-26 02:18:35,-2.8792,-41.6669,77.32,90,90,9.46
329,Carmen De Viboral,CO,2022-04-26 02:18:35,6.0824,-75.3351,54.88,95,40,2.3
330,Kaohsiung,TW,2022-04-26 02:14:26,22.6163,120.3133,87.89,79,75,14.97
331,Kangaatsiaq,GL,2022-04-26 02:18:36,68.3065,-53.4641,24.19,94,100,8.7
332,Manggar,ID,2022-04-26 02:18:36,-2.8833,108.2667,84.52,69,93,3.22
333,Naryan-Mar,RU,2022-04-26 02:18:36,67.6713,53.087,28.69,97,100,8.63
334,Borisoglebskiy,RU,2022-04-26 02:18:37,57.2586,39.1508,44.44,97,78,5.55
335,Arlit,NE,2022-04-26 02:18:37,18.7369,7.3853,80.08,10,0,8.77
336,Kharan,PK,2022-04-26 02:18:38,28.5833,65.4167,80.04,18,6,2.46
337,Lubango,AO,2022-04-26 02:18:38,-14.9172,13.4925,58.05,60,5,2.26
338,Strezhevoy,RU,2022-04-26 02:18:38,60.7333,77.5889,33.48,100,100,3.29
339,Fern Creek,US,2022-04-26 02:18:39,38.1598,-85.5877,61.88,69,100,11.5
340,Leningradskiy,RU,2022-04-26 02:18:39,69.3833,178.4167,21.69,89,89,13.87
341,Tessalit,ML,2022-04-26 02:18:40,20.1986,1.0114,74.17,18,0,6.73
342,Sobolevo,RU,2022-04-26 02:18:40,54.4299,31.8996,43.68,94,55,4.05
343,Pisco,PE,2022-04-26 02:16:12,-13.7,-76.2167,68.05,77,0,8.05
344,Kokopo,PG,2022-04-26 02:18:41,-4.352,152.2633,83.97,65,100,3.98
345,Nalut,LY,2022-04-26 02:18:41,30.3333,10.85,66.61,25,63,22.48
346,Labuhan,ID,2022-04-26 02:17:05,-6.8844,112.2051,84.18,74,75,1.52
347,Mumford,GH,2022-04-26 02:18:42,5.2618,-0.759,80.13,84,84,2.86
348,Namie,JP,2022-04-26 02:18:42,37.4833,141.0,75.72,84,100,12.97
349,Caborca,MX,2022-04-26 02:18:42,30.5838,-111.101,80.91,9,1,9.84
350,Toora-Khem,RU,2022-04-26 02:18:43,52.4675,96.11,32.02,44,100,3.22
351,Brae,GB,2022-04-26 02:14:34,60.3964,-1.353,43.77,70,100,15.35
352,Isla Vista,US,2022-04-26 02:18:43,34.4133,-119.861,76.01,47,0,0.0
353,Sorong,ID,2022-04-26 02:18:44,-0.8833,131.25,82.42,79,100,5.75
354,Muros,ES,2022-04-26 02:18:44,42.7762,-9.0603,52.68,86,54,7.45
355,Asyut,EG,2022-04-26 02:14:02,27.181,31.1837,74.8,35,50,5.5
356,Benjamin Constant,BR,2022-04-26 02:18:45,-4.3831,-70.0311,77.13,98,100,1.88
357,Itupiranga,BR,2022-04-26 02:18:45,-5.1347,-49.3267,73.24,96,10,2.13
358,Qasigiannguit,GL,2022-04-26 02:18:45,68.8193,-51.1922,19.65,95,100,5.95
359,Kudahuvadhoo,MV,2022-04-26 02:17:32,2.6708,72.8944,83.89,69,21,5.01
360,Colac,AU,2022-04-26 02:18:46,-38.3333,143.5833,69.17,50,95,7.25
361,Santa Cruz De La Palma,ES,2022-04-26 02:18:46,28.6835,-17.7642,64.54,63,0,8.05
362,Vangaindrano,MG,2022-04-26 02:18:47,-23.35,47.6,69.13,93,37,4.61
363,Shitanjing,CN,2022-04-26 02:18:47,39.2342,106.3439,47.26,13,55,11.63
364,General Pico,AR,2022-04-26 02:18:48,-35.6566,-63.7568,54.81,35,0,8.59
365,Huittinen,FI,2022-04-26 02:18:48,61.1833,22.7,34.52,96,14,4.99
366,Murdochville,CA,2022-04-26 02:18:48,48.9583,-65.5006,34.68,99,100,5.61
367,Padang,ID,2022-04-26 02:18:49,-0.9492,100.3543,82.45,80,100,3.02
368,Flinders,AU,2022-04-26 02:18:49,-34.5833,150.8552,70.38,78,100,5.01
369,Lesozavodsk,RU,2022-04-26 02:18:49,45.4794,133.4244,68.54,45,69,16.98
370,Muromtsevo,RU,2022-04-26 02:18:50,56.3724,75.2418,43.9,55,100,7.61
371,Kota Tinggi,MY,2022-04-26 02:19:50,1.7381,103.8999,86.29,75,100,1.7
372,Antalaha,MG,2022-04-26 02:19:51,-14.9003,50.2788,73.22,83,100,4.41
373,Eurajoki,FI,2022-04-26 02:19:51,61.2,21.7333,37.42,87,10,9.71
374,Dubuque,US,2022-04-26 02:18:31,42.4833,-90.8668,38.5,57,100,14.97
375,Bandarbeyla,SO,2022-04-26 02:19:51,9.4942,50.8122,79.77,76,60,3.47
376,Isiro,CD,2022-04-26 02:19:52,2.7739,27.616,66.02,98,100,2.42
377,Trelew,AR,2022-04-26 02:19:52,-43.249,-65.3051,57.49,30,100,28.54
378,Katherine,AU,2022-04-26 02:19:53,-14.4667,132.2667,91.72,40,40,10.36
379,Flin Flon,CA,2022-04-26 02:19:53,54.7682,-101.865,22.19,85,3,3.98
380,Celestun,MX,2022-04-26 02:19:54,20.8667,-90.4,79.92,77,0,17.05
381,Mandurah,AU,2022-04-26 02:18:01,-32.55,115.7,66.9,58,54,15.64
382,Puerto Del Rosario,ES,2022-04-26 02:19:54,28.5004,-13.8627,65.95,82,0,13.8
383,Yuanping,CN,2022-04-26 02:19:55,38.7153,112.7575,61.77,15,0,14.67
384,Odweyne,SO,2022-04-26 02:19:55,9.4092,45.064,70.9,75,91,6.46
385,Baykit,RU,2022-04-26 02:19:56,61.67,96.37,28.78,92,100,4.41
386,Bara,NG,2022-04-26 02:19:56,10.3744,10.7288,84.76,52,100,11.48
387,Assiniboia,CA,2022-04-26 02:19:57,49.6334,-105.9845,40.82,38,7,16.11
388,Blackwater,AU,2022-04-26 02:19:57,-23.5833,148.8833,64.81,93,100,18.43
389,Shimoda,JP,2022-04-26 02:19:58,34.6667,138.95,72.1,95,100,8.55
390,Kaputa,ZM,2022-04-26 02:19:58,-8.4689,29.6619,68.02,89,99,1.9
391,Salgueiro,BR,2022-04-26 02:17:30,-8.0742,-39.1192,72.03,86,63,14.97
392,Ugoofaaru,MV,2022-04-26 02:19:58,5.6667,73.0,84.36,69,48,3.62
393,Praya,CV,2022-04-26 02:19:59,14.9215,-23.5087,73.94,56,0,24.16
394,Pangnirtung,CA,2022-04-26 02:19:59,66.1451,-65.7125,0.21,100,100,5.39
395,Filotion,GR,2022-04-26 02:20:00,37.05,25.5,59.56,74,100,1.99
396,Kurchum,KZ,2022-04-26 02:20:00,48.5722,83.6542,41.36,77,92,9.46
397,Rapid City,US,2022-04-26 02:20:01,44.0805,-103.231,48.42,59,0,8.05
398,Emba,KZ,2022-04-26 02:20:01,48.8264,58.1442,49.62,47,100,4.63
399,Mastic,US,2022-04-26 02:18:15,40.802,-72.8409,52.93,65,100,5.01
400,Ridgecrest,US,2022-04-26 02:20:02,35.6225,-117.6709,78.69,7,80,5.99
401,Lisakovsk,KZ,2022-04-26 02:20:02,52.5369,62.4936,51.51,68,100,6.55
402,Sena Madureira,BR,2022-04-26 02:20:03,-9.0656,-68.6569,74.73,96,98,1.39
403,Bodaybo,RU,2022-04-26 02:20:03,57.8506,114.1933,31.84,72,100,4.47
404,Isla Mujeres,MX,2022-04-26 02:20:03,21.2311,-86.731,80.65,82,1,14.83
405,Dongying,CN,2022-04-26 02:20:04,37.4564,118.4856,71.29,16,47,20.71
406,Udachnyy,RU,2022-04-26 02:20:04,66.4167,112.4,20.79,82,85,3.49
407,San Francisco,US,2022-04-26 02:18:45,37.7749,-122.4194,69.26,74,75,27.63
408,Mahebourg,MU,2022-04-26 02:20:05,-20.4081,57.7,75.49,83,75,11.5
409,Konya,TR,2022-04-26 02:20:06,38.1667,32.5,45.88,27,100,4.76
410,Tilichiki,RU,2022-04-26 02:20:07,60.4667,166.1,30.31,92,100,12.48
411,Craig,US,2022-04-26 02:20:07,40.5153,-107.5464,47.82,49,0,3.44
412,Cairns,AU,2022-04-26 02:16:35,-16.9167,145.7667,89.06,77,75,6.91
413,Tafresh,IR,2022-04-26 02:20:08,34.692,50.013,50.77,75,100,3.58
414,Christchurch,NZ,2022-04-26 02:15:48,-43.5333,172.6333,62.42,70,75,5.75
415,Necochea,AR,2022-04-26 02:21:08,-38.5473,-58.7368,52.66,65,8,7.67
416,Jennings,US,2022-04-26 02:21:09,38.7192,-90.2604,54.01,60,75,10.36
417,Maniitsoq,GL,2022-04-26 02:21:09,65.4167,-52.9,28.63,84,100,12.1
418,Dingle,PH,2022-04-26 02:16:24,10.9995,122.6711,87.35,65,100,10.27
419,Salinas,US,2022-04-26 02:18:39,36.6777,-121.6555,68.95,65,0,12.66
420,Along,IN,2022-04-26 02:21:10,28.1667,94.7667,73.38,64,39,0.6
421,Oranjemund,NA,2022-04-26 02:16:29,-28.55,16.4333,55.02,63,0,6.67
422,Shache,CN,2022-04-26 02:16:13,38.4167,77.2406,68.34,16,67,6.04
423,Matara,LK,2022-04-26 02:21:10,5.9485,80.5353,80.8,81,12,3.04
424,Dolores,AR,2022-04-26 02:21:11,-36.3132,-57.6792,53.4,81,2,7.02
425,Pemberton,CA,2022-04-26 02:21:11,50.3164,-122.8027,45.12,95,74,4.43
426,Batagay-Alyta,RU,2022-04-26 02:21:12,67.8006,130.4114,16.07,81,99,3.47
427,Lahij,YE,2022-04-26 02:21:12,13.1667,44.5833,74.98,85,46,4.79
428,Alyangula,AU,2022-04-26 02:21:12,-13.8483,136.4192,87.67,74,75,4.61
429,Artyom,AZ,2022-04-26 02:21:13,40.4723,50.333,50.14,68,87,5.5
430,Taonan,CN,2022-04-26 02:21:13,45.3333,122.7833,52.81,28,4,25.84
431,Lavrentiya,RU,2022-04-26 02:21:14,65.5833,-171.0,27.59,78,95,7.34
432,Bilma,NE,2022-04-26 02:21:14,18.6853,12.9164,86.43,12,0,1.86
433,Mantua,IT,2022-04-26 02:21:14,45.1667,10.7833,55.06,86,96,3.0
434,Bontang,ID,2022-04-26 02:21:15,0.1333,117.5,76.21,90,100,4.32
435,Kavieng,PG,2022-04-26 02:21:15,-2.5744,150.7967,85.1,67,7,10.18
436,Terrasini,IT,2022-04-26 02:21:16,38.146,13.0844,62.46,77,91,1.14
437,Bowen,AU,2022-04-26 02:21:16,-20.0167,148.2333,75.38,88,100,16.31
438,Kyra,RU,2022-04-26 02:21:16,49.5776,111.9753,31.71,54,38,15.1
439,Vanimo,PG,2022-04-26 02:21:17,-2.6741,141.3028,86.04,67,39,7.9
440,Kristiansund,NO,2022-04-26 02:21:17,63.1115,7.732,39.85,75,100,5.75
441,Cedar City,US,2022-04-26 02:20:36,37.6775,-113.0619,56.37,23,0,9.22
442,Walvis Bay,NA,2022-04-26 02:21:18,-22.9575,14.5053,56.35,76,0,5.75
443,Belle Fourche,US,2022-04-26 02:21:18,44.6714,-103.8522,47.32,47,5,7.67
444,Barbalha,BR,2022-04-26 02:21:19,-7.3111,-39.3042,76.8,78,40,8.05
445,Kotdwara,IN,2022-04-26 02:21:19,29.75,78.5333,84.56,22,0,5.53
446,Deqing,CN,2022-04-26 02:21:19,30.5448,119.9599,72.46,88,100,7.23
447,Ola,RU,2022-04-26 02:21:20,59.5833,151.2833,35.15,57,100,10.94
448,Beloha,MG,2022-04-26 02:21:20,-25.1667,45.05,72.52,74,96,4.65
449,Manavalakurichi,IN,2022-04-26 02:21:20,8.1333,77.3,81.95,84,100,6.62
450,Costa Rica,BR,2022-04-26 02:21:21,-23.4167,-54.65,72.99,75,55,9.15
451,Komsomolskiy,UZ,2022-04-26 02:21:21,40.4272,71.7189,61.52,67,100,4.61
452,Umm Kaddadah,SD,2022-04-26 02:21:22,13.6017,26.6876,81.09,13,100,6.62
453,Soverato,IT,2022-04-26 02:21:22,38.685,16.5499,59.16,62,28,6.06
454,Pangody,RU,2022-04-26 02:21:22,65.85,74.4859,18.19,94,69,7.58
455,Ban Nahin,LA,2022-04-26 02:21:23,18.2418,104.2122,92.43,50,3,3.71
456,Renfrew,GB,2022-04-26 02:21:23,55.872,-4.3925,45.48,79,70,4.61
457,Rudnogorsk,RU,2022-04-26 02:21:24,57.2639,103.7519,31.89,87,100,9.46
458,Lodja,CD,2022-04-26 02:21:24,-3.4833,23.4333,69.37,100,100,0.98
459,Fayaoue,NC,2022-04-26 02:21:24,-20.65,166.5333,77.58,63,98,22.7
460,Gigmoto,PH,2022-04-26 02:21:25,13.7796,124.39,84.69,77,57,10.33
461,Pafos,CY,2022-04-26 02:18:02,34.7667,32.4167,55.18,47,29,4.61
462,Ust-Omchug,RU,2022-04-26 02:21:25,61.15,149.6333,21.38,75,100,9.78
463,Kailaras,IN,2022-04-26 02:21:26,26.3167,77.6167,89.98,13,17,0.51
464,Kutum,SD,2022-04-26 02:22:26,14.2,24.6667,75.76,12,100,0.67
465,Yarmouth,US,2022-04-26 02:22:26,41.7057,-70.2286,46.45,85,0,6.91
466,Tomatlan,MX,2022-04-26 02:22:27,19.9333,-105.25,72.64,79,0,3.83
467,Dudinka,RU,2022-04-26 02:22:28,69.4058,86.1778,6.62,92,100,8.7
468,Panguna,PG,2022-04-26 02:22:28,-6.3164,155.4848,80.56,68,60,3.04
469,Imbituba,BR,2022-04-26 02:22:28,-28.24,-48.6703,73.85,94,100,13.65
470,Zima,RU,2022-04-26 02:22:29,53.9202,102.0442,38.37,42,86,9.01
471,College,US,2022-04-26 02:22:29,64.8569,-147.8028,52.12,36,75,4.61
472,Kasongo-Lunda,CD,2022-04-26 02:22:30,-6.4667,16.8167,69.91,97,100,0.74
473,Bulgan,MN,2022-04-26 02:22:30,48.8125,103.5347,27.81,47,70,4.09
474,Koumac,NC,2022-04-26 02:22:31,-20.5667,164.2833,78.93,58,78,9.78
475,Hami,CN,2022-04-26 02:21:46,42.8,93.45,63.84,34,86,10.78
476,Ejura,GH,2022-04-26 02:22:31,7.3856,-1.3562,76.84,78,52,5.37
477,Dubbo,AU,2022-04-26 02:22:32,-32.25,148.6167,64.53,68,100,10.36
478,Kautokeino,NO,2022-04-26 02:22:32,69.0125,23.0412,9.61,87,8,5.48
479,Guerrero Negro,MX,2022-04-26 02:22:32,27.9769,-114.0611,67.21,55,0,14.32
480,La Ronge,CA,2022-04-26 02:19:06,55.1001,-105.2842,34.05,32,0,10.36
481,Provideniya,RU,2022-04-26 02:22:33,64.3833,-173.3,28.51,74,75,20.13
482,Ulaangom,MN,2022-04-26 02:22:33,49.9811,92.0667,36.34,31,100,4.21
483,Monticello,US,2022-04-26 02:22:33,45.3055,-93.7941,32.09,70,100,13.8
484,Tari,NG,2022-04-26 02:22:34,12.4086,4.4914,86.09,15,97,7.78
485,Champerico,GT,2022-04-26 02:22:34,14.3,-91.9167,84.6,66,54,6.71
486,Inhambane,MZ,2022-04-26 02:22:35,-23.865,35.3833,74.34,85,97,10.69
487,Maragogi,BR,2022-04-26 02:22:35,-9.0122,-35.2225,76.98,85,100,8.59
488,Troitskoye,RU,2022-04-26 02:22:35,52.9821,84.6757,43.09,52,13,0.96
489,Princeton,US,2022-04-26 02:20:36,25.5384,-80.4089,78.03,77,0,11.5
490,Goderich,CA,2022-04-26 02:22:36,43.7501,-81.7165,48.52,71,100,11.5
491,Axim,GH,2022-04-26 02:22:36,4.8699,-2.2405,79.0,89,90,2.98
492,Nivala,FI,2022-04-26 02:22:37,63.9167,24.9667,33.69,97,100,9.22
493,Candido Mendes,BR,2022-04-26 02:22:37,-1.4467,-45.7167,74.3,97,69,3.94
494,Villa Carlos Paz,AR,2022-04-26 02:22:37,-31.4241,-64.4978,58.39,10,0,3.0
495,Athabasca,CA,2022-04-26 02:22:38,54.7169,-113.2854,52.21,55,100,17.6
496,Leh,IN,2022-04-26 02:18:45,34.1667,77.5833,37.83,68,94,4.79
497,Gimli,CA,2022-04-26 02:18:05,50.6336,-96.9907,23.02,74,100,8.05
498,Aksarka,RU,2022-04-26 02:22:39,66.5606,67.7975,16.56,94,100,2.21
499,Damietta,EG,2022-04-26 02:22:39,31.4165,31.8133,63.97,76,31,7.07
500,Huayucachi,PE,2022-04-26 02:22:39,-12.1333,-75.2333,53.26,78,100,2.77
501,Vostok,RU,2022-04-26 02:22:40,46.4856,135.8833,57.25,54,94,4.18
502,Kantang,TH,2022-04-26 02:22:40,7.4054,99.5156,86.09,79,20,2.3
503,Urucui,BR,2022-04-26 02:22:41,-7.2294,-44.5561,77.11,63,44,2.68
504,Voznesenye,RU,2022-04-26 02:22:41,61.0106,35.4781,33.58,98,100,5.84
505,Ryotsu,JP,2022-04-26 02:22:41,38.0833,138.4333,65.14,67,100,4.54
506,Jacareacanga,BR,2022-04-26 02:22:42,-6.2222,-57.7528,74.5,91,73,2.44
507,Jaciara,BR,2022-04-26 02:21:25,-15.9653,-54.9683,74.25,73,0,2.55
508,Mitchell,US,2022-04-26 02:19:39,43.7094,-98.0298,42.12,46,0,5.75
509,Morristown,US,2022-04-26 02:22:42,36.214,-83.2949,69.85,66,75,3.44
510,Uvat,RU,2022-04-26 02:23:44,59.1433,68.8953,38.01,98,100,5.46
511,Zabaykalsk,RU,2022-04-26 02:23:44,49.6333,117.3167,35.44,83,98,15.75
512,Selma,US,2022-04-26 02:20:54,36.5708,-119.6121,82.45,34,43,5.44
513,San Cristobal,VE,2022-04-26 02:23:45,7.7669,-72.225,69.98,90,100,1.05
514,Nelson Bay,AU,2022-04-26 02:23:45,-32.7167,152.15,71.01,84,100,5.48
515,Autazes,BR,2022-04-26 02:23:46,-3.5797,-59.1306,74.03,98,94,2.75
516,Tiznit,MA,2022-04-26 02:23:46,29.5833,-9.5,53.51,87,93,6.06
517,Conceicao Do Araguaia,BR,2022-04-26 02:21:00,-8.2578,-49.2647,73.98,83,8,2.06
518,Pavilosta,LV,2022-04-26 02:23:46,56.8879,21.1859,28.31,81,93,7.25
519,Lakselv,NO,2022-04-26 02:23:47,70.0513,24.9718,24.62,63,100,18.41
520,Altoona,US,2022-04-26 02:23:47,40.5187,-78.3947,64.65,78,95,1.01
521,Antofagasta,CL,2022-04-26 02:23:48,-23.65,-70.4,60.08,85,75,4.7
522,Pirapora,BR,2022-04-26 02:23:48,-17.345,-44.9419,69.6,70,0,2.82
523,Maarianhamina,AX,2022-04-26 02:23:49,60.0973,19.9348,39.06,81,0,8.05
524,El Dorado,US,2022-04-26 02:23:49,38.7666,-120.5177,64.98,45,6,1.01
525,Cabedelo,BR,2022-04-26 02:23:49,-6.9811,-34.8339,74.07,80,10,9.62
526,Baculin,PH,2022-04-26 02:23:50,7.4525,126.5842,85.44,71,96,6.46
527,Dukat,RU,2022-04-26 02:23:50,62.55,155.55,20.62,91,100,8.77
528,Mexico,PH,2022-04-26 02:23:50,15.0646,120.7198,91.11,43,42,9.37
529,Buzmeyin,TM,2022-04-26 02:23:00,38.0507,58.2056,64.13,45,75,6.91
530,Taltal,CL,2022-04-26 02:23:51,-25.4,-70.4833,62.55,86,32,4.14
531,Noumea,NC,2022-04-26 02:19:02,-22.2763,166.4572,80.58,99,100,13.87
532,Busayra,JO,2022-04-26 02:23:52,30.7376,35.6078,62.78,33,0,1.92
533,Jasidih,IN,2022-04-26 02:23:52,24.5167,86.65,91.85,12,0,8.57
534,Kaura Namoda,NG,2022-04-26 02:23:52,12.5898,6.5779,86.31,34,94,9.24
535,Igarka,RU,2022-04-26 02:23:53,67.4667,86.5833,9.93,87,38,0.45
536,Nouadhibou,MR,2022-04-26 02:23:54,20.931,-17.0347,64.38,100,0,6.91
537,Bongandanga,CD,2022-04-26 02:23:55,1.5,21.05,70.74,92,84,0.4
538,Chapais,CA,2022-04-26 02:23:55,49.7834,-74.8492,38.98,99,100,5.95
539,Batticaloa,LK,2022-04-26 02:23:56,7.7102,81.6924,81.14,78,71,3.15
540,Ulaanbaatar,MN,2022-04-26 02:23:36,47.9077,106.8832,28.53,40,0,4.47
541,Morehead,US,2022-04-26 02:23:56,37.2711,-87.1764,60.55,67,100,4.61
542,Thunder Bay,CA,2022-04-26 02:22:48,48.4001,-89.3168,27.28,66,100,11.5
543,Mapiri,BO,2022-04-26 02:23:57,-15.25,-68.1667,70.38,94,95,0.58
544,Sangar,RU,2022-04-26 02:22:48,63.9242,127.4739,26.31,77,97,7.67
545,Xuzhou,CN,2022-04-26 02:23:57,34.1805,117.1571,76.5,61,93,1.61
546,Beringovskiy,RU,2022-04-26 02:23:58,63.05,179.3167,31.05,98,100,17.29
547,Xocotla,MX,2022-04-26 02:23:58,19.0333,-97.1,61.02,91,76,1.57
548,Qax,AZ,2022-04-26 02:24:02,41.4225,46.9242,52.79,63,18,4.76
549,Balabac,PH,2022-04-26 02:24:02,7.9868,117.0645,84.43,66,66,3.83
550,Kijang,KR,2022-04-26 02:24:02,35.2442,129.2139,69.53,96,100,15.14
551,Idukki,IN,2022-04-26 02:24:03,9.85,76.9667,73.51,85,64,2.04
552,Preobrazheniye,RU,2022-04-26 02:24:03,42.9019,133.9064,53.11,77,90,7.85
553,Sinnamary,GF,2022-04-26 02:24:04,5.3833,-52.95,78.04,88,100,7.87
554,Klichka,RU,2022-04-26 02:24:04,50.4457,117.996,37.8,62,100,11.81
555,Oktyabrskoye,RU,2022-04-26 02:24:04,43.0645,44.7417,42.94,100,4,6.71
